
Insert into phk_foundation (id,name,shortname,city,state,country,preparedby,timecreated,timeupdated,active) values ('100','Yoga Vidya Pranic Healing Foundation of Karnataka','YVPHF Karnataka','Bangalore','Karnataka','India','system', now(), now(), '1');
Insert into phk_foundation (id,name,shortname,city,state,country,preparedby,timecreated,timeupdated,active) values ('110','Yoga Vidya Pranic Healing Foundation Calicut','YVPHF Calicut','Calicut','Kerala','India','system', now(), now(), '1');
Insert into phk_foundation (id,name,shortname,city,state,country,preparedby,timecreated,timeupdated,active) values ('120','Yoga Vidya Pranic Healing Foundation Cochin','YVPHF Cochin','Cochin','Kerala','India','system', now(), now(), '1');
Insert into phk_foundation (id,name,shortname,city,state,country,preparedby,timecreated,timeupdated,active) values ('130','Yoga Vidya Pranic Healing Foundation Trust Mumbai','YVPHFT Mumbai','Mumbai','Maharashtra','India','system', now(), now(), '1');
Insert into phk_foundation (id,name,shortname,city,state,country,preparedby,timecreated,timeupdated,active) values ('140','Pranic Healing Gyan Prachar Kendra Maharashtra','PHGPK Maharashtra','Mumbai','Maharashtra','India','system', now(), now(), '1');
Insert into phk_foundation (id,name,shortname,city,state,country,preparedby,timecreated,timeupdated,active) values ('150','Pranic Healing Foundation Rajasthan','PHF Rajasthan','Jaipur','Rajasthan','India','system', now(), now(), '1');
Insert into phk_foundation (id,name,shortname,city,state,country,preparedby,timecreated,timeupdated,active) values ('160','Pranic Healing Trust Tamilnadu','PHT Tamilnadu','Chennai','Tamilnadu','India','system', now(), now(), '1');
Insert into phk_foundation (id,name,shortname,city,state,country,preparedby,timecreated,timeupdated,active) values ('170','Pranic Healing Home Chennai','PHH Chennai','Chennai','Tamilnadu','India','system', now(), now(), '1');
Insert into phk_foundation (id,name,shortname,city,state,country,preparedby,timecreated,timeupdated,active) values ('180','MCKS Yoga Vidya Pranic Healing Trust of UP Lucknow','MCKS YVPHTUP Lucknow','Lucknow','UttarPradesh','India','system', now(), now(), '1');
Insert into phk_foundation (id,name,shortname,city,state,country,preparedby,timecreated,timeupdated,active) values ('190','Yoga Vidya Pranic Healing Foundation Trust Uttar Pradesh Varanasi','YVPHFUP Varanasi','Varanasi','UttarPradesh','India','system', now(), now(), '1');
Insert into phk_foundation (id,name,shortname,city,state,country,preparedby,timecreated,timeupdated,active) values ('200','Yoga Vidya Pranic Healing Foundation of West Bengal','YVPHF West Bengal','Kolkota','WestBengal','India','system', now(), now(), '1');
Insert into phk_foundation (id,name,shortname,city,state,country,preparedby,timecreated,timeupdated,active) values ('210','MCKS Pranic Healing Trust West Bengal','MCKS PHT West Bengal','Kolkota','WestBengal','India','system', now(), now(), '1');
Insert into phk_foundation (id,name,shortname,city,state,country,preparedby,timecreated,timeupdated,active) values ('220','Pranic Healing Foundation Secunderabad','PHF Secunderabad','Secunderabad','AndhraPradesh','India','system', now(), now(), '1');
Insert into phk_foundation (id,name,shortname,city,state,country,preparedby,timecreated,timeupdated,active) values ('230','MCKS Yoga Vidya Pranic Healing Trust Delhi','MCKS YVPHT Delhi','Delhi','Delhi','India','system', now(), now(), '1');
Insert into phk_foundation (id,name,shortname,city,state,country,preparedby,timecreated,timeupdated,active) values ('240','Pranic Healing Foundation Punjab','PHF Punjab','Punjab','Punjab','India','system', now(), now(), '1');
Insert into phk_foundation (id,name,shortname,city,state,country,preparedby,timecreated,timeupdated,active) values ('250','Pranic Healing Foundation Singapore','PHF Singapore','Singapore','Singapore','Singapore','system', now(), now(), '1');
Insert into phk_foundation (id,name,shortname,city,state,country,preparedby,timecreated,timeupdated,active) values ('260','Pranic Healing Foundation Kenya','PHF Kenya','Kenya','Kenya','Kenya','system', now(), now(), '1');
Insert into phk_foundation (id,name,shortname,city,state,country,preparedby,timecreated,timeupdated,active) values ('270','Pranic Healing Foundation Malaysia','PHF Malaysia','Malaysia','Malaysia','Malaysia','system', now(), now(), '1');
Insert into phk_foundation (id,name,shortname,city,state,country,preparedby,timecreated,timeupdated,active) values ('280','Pranic Healing Foundation Mauritius','PHF Mauritius','Mauritius','Mauritius','Mauritius','system', now(), now(), '1');
Insert into phk_foundation (id,name,shortname,city,state,country,preparedby,timecreated,timeupdated,active) values ('290','Pranic Healing Foundation HongKong','PHF HongKong','HongKong','HongKong','HongKong','system', now(), now(), '1');
Insert into phk_foundation (id,name,shortname,city,state,country,preparedby,timecreated,timeupdated,active) values ('300','Pranic Healing Foundation Macau','PHF Macau','Macau','Macau','Macau','system', now(), now(), '1');
Insert into phk_foundation (id,name,shortname,city,state,country,preparedby,timecreated,timeupdated,active) values ('310','Pranic Healing Foundation Dubai','PHF Dubai','Dubai','Dubai','Dubai','system', now(), now(), '1');
Insert into phk_foundation (id,name,shortname,city,state,country,preparedby,timecreated,timeupdated,active) values ('320','Pranic Healing Foundation Oman','PHF Oman','Muscat','Muscat','Oman','system', now(), now(), '1');
Insert into phk_foundation (id,name,shortname,city,state,country,preparedby,timecreated,timeupdated,active) values ('330','Pranic Healing Foundation Uruguay','PHF Uruguay','Uruguay','Uruguay','Uruguay','system', now(), now(), '1');
Insert into phk_foundation (id,name,shortname,city,state,country,preparedby,timecreated,timeupdated,active) values ('340','Pranic Healing Foundation Thailand','PHF Thailand','Bangkok','Bangkok','Thailand','system', now(), now(), '1');
Insert into phk_foundation (id,name,shortname,city,state,country,preparedby,timecreated,timeupdated,active) values ('350','Pranic Healing Foundation USA','PHF USA','USA','USA','USA','system', now(), now(), '1');
Insert into phk_foundation (id,name,shortname,city,state,country,preparedby,timecreated,timeupdated,active) values ('360','Pranic Healing Foundation Sri Lanka','PHF Sri Lanka','Colombo','Colombo','Sri Lanka','system', now(), now(), '1');
Insert into phk_foundation (id,name,shortname,city,state,country,preparedby,timecreated,timeupdated,active) values ('370','Pranic Healing Foundation Australia','PHF Australia','Melbourne','Melbourne','Australia','system', now(), now(), '1');
Insert into phk_foundation (id,name,shortname,city,state,country,preparedby,timecreated,timeupdated,active) values ('380','Pranic Healing Foundation Iran','PHF Iran','Iran','Iran','Iran','system', now(), now(), '1');
Insert into phk_foundation (id,name,shortname,city,state,country,preparedby,timecreated,timeupdated,active) values ('390','Pranic Healing Foundation Italy','PHF Italy','Rome','Rome','Italy','system', now(), now(), '1');
Insert into phk_foundation (id,name,shortname,city,state,country,preparedby,timecreated,timeupdated,active) values ('400','MCKS International Arhatic Yoga Ashram','MCKS IAY Ashram','Pune','Pune','India','system', now(), now(), '1');
Insert into phk_foundation (id,name,shortname,city,state,country,preparedby,timecreated,timeupdated,active) values ('410','Pranic Healing Foundation Phillipines','PHF Phillipines','Pasig City','Pasig City','Phillipines','system', now(), now(), '1');

INSERT INTO phk_coursetype (id,name,shortName,primaryeligibility,secondaryeligibility,version,description,preparedby,timecreated,timeupdated,active) values (100,'Basic Pranic Healing', 'Basic',null, null, 1,null,'system', now(), now(), '1');
INSERT INTO phk_coursetype (id,name,shortName,primaryeligibility,secondaryeligibility,version,description,preparedby,timecreated,timeupdated,active) values (110,'Inner Teaching of Hinduism Revealed', 'Hinduism',100, null, 1,null,'system', now(), now(), '1');
INSERT INTO phk_coursetype (id,name,shortName,primaryeligibility,secondaryeligibility,version,description,preparedby,timecreated,timeupdated,active) values (120,'Inner Teaching of Buddhism Revealed', 'Buddhism',100, null, 1,null,'system', now(), now(), '1');
INSERT INTO phk_coursetype (id,name,shortName,primaryeligibility,secondaryeligibility,version,description,preparedby,timecreated,timeupdated,active) values (130,'Inner Teaching of Christianity Revealed', 'Christianity',100, null, 1,null,'system', now(), now(), '1');
INSERT INTO phk_coursetype (id,name,shortName,primaryeligibility,secondaryeligibility,version,description,preparedby,timecreated,timeupdated,active) values (140,'Om Mani Padme Hum', 'Om Mani Padme Hum',100, null, 1,null,'system', now(), now(), '1');
INSERT INTO phk_coursetype (id,name,shortName,primaryeligibility,secondaryeligibility,version,description,preparedby,timecreated,timeupdated,active) values (150,'Spiritual Essence of Man', 'Spiritual Essence',100, null, 1,null,'system', now(), now(), '1');
INSERT INTO phk_coursetype (id,name,shortName,primaryeligibility,secondaryeligibility,version,description,preparedby,timecreated,timeupdated,active) values (160,'Lord\'s Prayer', 'Lord\'s Prayer',100, null, 1,null,'system', now(), now(), '1');
INSERT INTO phk_coursetype (id,name,shortName,primaryeligibility,secondaryeligibility,version,description,preparedby,timecreated,timeupdated,active) values (200,'Advanced Pranic Healing', 'Advanced',100, null, 1,null,'system', now(), now(), '1');
INSERT INTO phk_coursetype (id,name,shortName,primaryeligibility,secondaryeligibility,version,description,preparedby,timecreated,timeupdated,active) values (210,'Spiritual Business Management', 'SBC',200, null, 1,null,'system', now(), now(), '1');
INSERT INTO phk_coursetype (id,name,shortName,primaryeligibility,secondaryeligibility,version,description,preparedby,timecreated,timeupdated,active) values (220,'Pranic Feng Shui', 'PFS',200, null, 1,null,'system', now(), now(), '1');
INSERT INTO phk_coursetype (id,name,shortName,primaryeligibility,secondaryeligibility,version,description,preparedby,timecreated,timeupdated,active) values (300,'Pranic Psychotherapy', 'Psychotherapy',200, null, 1,null,'system', now(), now(), '1');
INSERT INTO phk_coursetype (id,name,shortName,primaryeligibility,secondaryeligibility,version,description,preparedby,timecreated,timeupdated,active) values (310,'Pranic Crystal Healing', 'Crystal Healing',300, null, 1,null,'system', now(), now(), '1');
INSERT INTO phk_coursetype (id,name,shortName,primaryeligibility,secondaryeligibility,version,description,preparedby,timecreated,timeupdated,active) values (315,'Pranic Face Lift And Body Sculpting', 'Face And Body Sculpting',310, null, 1,null,'system', now(), now(), '1');
INSERT INTO phk_coursetype (id,name,shortName,primaryeligibility,secondaryeligibility,version,description,preparedby,timecreated,timeupdated,active) values (320,'Pranic Self Defence', 'Self Defence',300, null, 1,null,'system', now(), now(), '1');
INSERT INTO phk_coursetype (id,name,shortName,primaryeligibility,secondaryeligibility,version,description,preparedby,timecreated,timeupdated,active) values (400,'Achieving Oneness With Higher Soul', 'Higher Soul',null, null, 1,null,'system', now(), now(), '1');
INSERT INTO phk_coursetype (id,name,shortName,primaryeligibility,secondaryeligibility,version,description,preparedby,timecreated,timeupdated,active) values (500,'Arhatic Yoga Preparation', 'Arhatic Prep',300, 400, 1,null,'system', now(), now(), '1');
INSERT INTO phk_coursetype (id,name,shortName,primaryeligibility,secondaryeligibility,version,description,preparedby,timecreated,timeupdated,active) values (510,'Kriyashakti', 'Kriyashakti',500, null, 1,null,'system', now(), now(), '1');
INSERT INTO phk_coursetype (id,name,shortName,primaryeligibility,secondaryeligibility,version,description,preparedby,timecreated,timeupdated,active) values (520,'Teachers Training Course', 'TTC',500, null, 1,null,'system', now(), now(), '1');
INSERT INTO phk_coursetype (id,name,shortName,primaryeligibility,secondaryeligibility,version,description,preparedby,timecreated,timeupdated,active) values (530,'Arhatic Yoga Level 1', 'AY L1',500, null, 1,null,'system', now(), now(), '1');
INSERT INTO phk_coursetype (id,name,shortName,primaryeligibility,secondaryeligibility,version,description,preparedby,timecreated,timeupdated,active) values (540,'Arhatic Yoga Level 2', 'AY L2',530, null, 1,null,'system', now(), now(), '1');
INSERT INTO phk_coursetype (id,name,shortName,primaryeligibility,secondaryeligibility,version,description,preparedby,timecreated,timeupdated,active) values (550,'Arhatic Yoga Level 3.1', 'AY L3.1',540, null, 1,null,'system', now(), now(), '1');
INSERT INTO phk_coursetype (id,name,shortName,primaryeligibility,secondaryeligibility,version,description,preparedby,timecreated,timeupdated,active) values (560,'Arhatic Yoga Level 3.2', 'AY L3.2',550, null, 1,null,'system', now(), now(), '1');
INSERT INTO phk_coursetype (id,name,shortName,primaryeligibility,secondaryeligibility,version,description,preparedby,timecreated,timeupdated,active) values (570,'Arhatic Yoga Level 4.1', 'AY L4.1',560, null, 1,null,'system', now(), now(), '1');
INSERT INTO phk_coursetype (id,name,shortName,primaryeligibility,secondaryeligibility,version,description,preparedby,timecreated,timeupdated,active) values (580,'Arhatic Yoga Level 4.2', 'AY L4.2',570, null, 1,null,'system', now(), now(), '1');
INSERT INTO phk_coursetype (id,name,shortName,primaryeligibility,secondaryeligibility,version,description,preparedby,timecreated,timeupdated,active) values (590,'Arhatic Yoga Level 5', 'AY L5',580, null, 1,null,'system', now(), now(), '1');
INSERT INTO phk_coursetype (id,name,shortName,primaryeligibility,secondaryeligibility,version,description,preparedby,timecreated,timeupdated,active) values (600,'Arhatic Yoga Level 6', 'AY L6',590, null, 1,null,'system', now(), now(), '1');

INSERT INTO phk_volunteer(name,   email,   password,   mobile,   activity,   permission,   preparedby,   timecreated,   timeupdated) VALUES('Admin',   'admin@yvphfk.com',   'admin',   '9999999999',   'admin',   'admin',   'system',   now(),   now());

Insert into phk_participant (id,name,mobile,home,email,vip,vipdesc,address,city,state,country,zipcode,preparedby,timecreated,timeupdated,active) values (1000,'Master Choa Kok Sui','9999999999','9999999999','mcks@pranichealing.com','1','Grand Master',null,null,null,null,null,'system@yvphfk.com', now(), now(), 1);

Insert into phk_trainer (id,participant,preparedby,timecreated,timeupdated,active) values (1000,1000,'system@yvphfk.com', now(), now(), 1);

Insert into phk_trainercourse (id,trainer,coursetype,foundation,apprentice,contractstartdate,contractenddate,preparedby,timecreated,timeupdated,active) values (1000,1000,100,null,0,null,null,'system@yvphfk.com', now(), now(), 1);
Insert into phk_trainercourse (id,trainer,coursetype,foundation,apprentice,contractstartdate,contractenddate,preparedby,timecreated,timeupdated,active) values (1001,1000,110,null,0,null,null,'system@yvphfk.com', now(), now(), 1);
Insert into phk_trainercourse (id,trainer,coursetype,foundation,apprentice,contractstartdate,contractenddate,preparedby,timecreated,timeupdated,active) values (1002,1000,120,null,0,null,null,'system@yvphfk.com', now(), now(), 1);
Insert into phk_trainercourse (id,trainer,coursetype,foundation,apprentice,contractstartdate,contractenddate,preparedby,timecreated,timeupdated,active) values (1003,1000,130,null,0,null,null,'system@yvphfk.com', now(), now(), 1);
Insert into phk_trainercourse (id,trainer,coursetype,foundation,apprentice,contractstartdate,contractenddate,preparedby,timecreated,timeupdated,active) values (1004,1000,140,null,0,null,null,'system@yvphfk.com', now(), now(), 1);
Insert into phk_trainercourse (id,trainer,coursetype,foundation,apprentice,contractstartdate,contractenddate,preparedby,timecreated,timeupdated,active) values (1005,1000,150,null,0,null,null,'system@yvphfk.com', now(), now(), 1);
Insert into phk_trainercourse (id,trainer,coursetype,foundation,apprentice,contractstartdate,contractenddate,preparedby,timecreated,timeupdated,active) values (1006,1000,160,null,0,null,null,'system@yvphfk.com', now(), now(), 1);
Insert into phk_trainercourse (id,trainer,coursetype,foundation,apprentice,contractstartdate,contractenddate,preparedby,timecreated,timeupdated,active) values (1007,1000,200,null,0,null,null,'system@yvphfk.com', now(), now(), 1);
Insert into phk_trainercourse (id,trainer,coursetype,foundation,apprentice,contractstartdate,contractenddate,preparedby,timecreated,timeupdated,active) values (1008,1000,210,null,0,null,null,'system@yvphfk.com', now(), now(), 1);
Insert into phk_trainercourse (id,trainer,coursetype,foundation,apprentice,contractstartdate,contractenddate,preparedby,timecreated,timeupdated,active) values (1009,1000,220,null,0,null,null,'system@yvphfk.com', now(), now(), 1);
Insert into phk_trainercourse (id,trainer,coursetype,foundation,apprentice,contractstartdate,contractenddate,preparedby,timecreated,timeupdated,active) values (1010,1000,300,null,0,null,null,'system@yvphfk.com', now(), now(), 1);
Insert into phk_trainercourse (id,trainer,coursetype,foundation,apprentice,contractstartdate,contractenddate,preparedby,timecreated,timeupdated,active) values (1011,1000,310,null,0,null,null,'system@yvphfk.com', now(), now(), 1);
Insert into phk_trainercourse (id,trainer,coursetype,foundation,apprentice,contractstartdate,contractenddate,preparedby,timecreated,timeupdated,active) values (1012,1000,315,null,0,null,null,'system@yvphfk.com', now(), now(), 1);
Insert into phk_trainercourse (id,trainer,coursetype,foundation,apprentice,contractstartdate,contractenddate,preparedby,timecreated,timeupdated,active) values (1013,1000,320,null,0,null,null,'system@yvphfk.com', now(), now(), 1);
Insert into phk_trainercourse (id,trainer,coursetype,foundation,apprentice,contractstartdate,contractenddate,preparedby,timecreated,timeupdated,active) values (1014,1000,400,null,0,null,null,'system@yvphfk.com', now(), now(), 1);
Insert into phk_trainercourse (id,trainer,coursetype,foundation,apprentice,contractstartdate,contractenddate,preparedby,timecreated,timeupdated,active) values (1015,1000,500,null,0,null,null,'system@yvphfk.com', now(), now(), 1);
Insert into phk_trainercourse (id,trainer,coursetype,foundation,apprentice,contractstartdate,contractenddate,preparedby,timecreated,timeupdated,active) values (1016,1000,510,null,0,null,null,'system@yvphfk.com', now(), now(), 1);
Insert into phk_trainercourse (id,trainer,coursetype,foundation,apprentice,contractstartdate,contractenddate,preparedby,timecreated,timeupdated,active) values (1017,1000,520,null,0,null,null,'system@yvphfk.com', now(), now(), 1);

update phk_foundation SET name = 'MCKS Yoga Vidya Pranic Healing Foundation Trust-Tamilnadu',shortname = 'MCKS YVPHFT TN' where id = 170;
update phk_foundation SET name = 'Yoga Vidya Pranic Healing Foundation, Mumbai',shortname = 'YVPHF Mumbai' where id = 130;
Insert into phk_foundation (id,name,shortname,city,state,country,preparedby,timecreated,timeupdated,active) values ('420','Yoga Vidya Pranic Healing Foundation Trust of Maharashtra – Mumbai North','YVPHFT Mumbai North','Mumbai','Maharashtra','India','system', now(), now(), '1');
Insert into phk_foundation (id,name,shortname,city,state,country,preparedby,timecreated,timeupdated,active) values ('430','MCKS Pranic Healing UK Ireland','MCKS PH UK & Ireland','Mumbai','Maharashtra','India','system', now(), now(), '1');
Insert into phk_foundation (id,name,shortname,city,state,country,preparedby,timecreated,timeupdated,active) values ('440','GMCKS Pranic Healing Foundation East Africa','GMCKS PHF East Africa','Mumbai','Maharashtra','India','system', now(), now(), '1');
Insert into phk_foundation (id,name,shortname,city,state,country,preparedby,timecreated,timeupdated,active) values ('450','Pranic Healing Center USA','PHC USA','Mumbai','Maharashtra','India','system', now(), now(), '1');
Insert into phk_foundation (id,name,shortname,city,state,country,preparedby,timecreated,timeupdated,active) values ('460','Pranic Healing London UK','PH London','Mumbai','Maharashtra','India','system', now(), now(), '1');

#--- 03/29/2015 --------
Insert into phk_accesscontrol(id,volunteer,permission,preparedby,timecreated,timeupdated,active) values (1,1,'admin','admin@yvphfk.com',now(),now(),1);
