
Insert into phk_foundation (id,name,shortname,city,state,country,preparedby,timecreated,timeupdated,active) values ('100','KARNATAKA','KARNATAKA','KARNATAKA','KARNATAKA','India','system', now(), now(), '1');
Insert into phk_foundation (id,name,shortname,city,state,country,preparedby,timecreated,timeupdated,active) values ('110','ANDHRA PRADESH','ANDHRA PRADESH','ANDHRA PRADESH','ANDHRA PRADESH','India','system', now(), now(), '1');
Insert into phk_foundation (id,name,shortname,city,state,country,preparedby,timecreated,timeupdated,active) values ('120','GOA','GOA','GOA','GOA','India','system', now(), now(), '1');
Insert into phk_foundation (id,name,shortname,city,state,country,preparedby,timecreated,timeupdated,active) values ('130','GUJARAT','GUJARAT','GUJARAT','GUJARAT','India','system', now(), now(), '1');
Insert into phk_foundation (id,name,shortname,city,state,country,preparedby,timecreated,timeupdated,active) values ('140','KERALA','KERALA','KERALA','KERALA','India','system', now(), now(), '1');
Insert into phk_foundation (id,name,shortname,city,state,country,preparedby,timecreated,timeupdated,active) values ('150','MAHARASHTRA','MAHARASHTRA','MAHARASHTRA','MAHARASHTRA','India','system', now(), now(), '1');
Insert into phk_foundation (id,name,shortname,city,state,country,preparedby,timecreated,timeupdated,active) values ('160','NEW DELHI','NEW DELHI','NEW DELHI','NEW DELHI','India','system', now(), now(), '1');
Insert into phk_foundation (id,name,shortname,city,state,country,preparedby,timecreated,timeupdated,active) values ('170','RAJASTHAN','RAJASTHAN','RAJASTHAN','RAJASTHAN','India','system', now(), now(), '1');
Insert into phk_foundation (id,name,shortname,city,state,country,preparedby,timecreated,timeupdated,active) values ('180','TAMILNADU','TAMILNADU','TAMILNADU','TAMILNADU','India','system', now(), now(), '1');
Insert into phk_foundation (id,name,shortname,city,state,country,preparedby,timecreated,timeupdated,active) values ('190','UTTAR PRADESH','UTTAR PRADESH','UTTAR PRADESH','UTTAR PRADESH','India','system', now(), now(), '1');
Insert into phk_foundation (id,name,shortname,city,state,country,preparedby,timecreated,timeupdated,active) values ('200','VARANASI','VARANASI','VARANASI','VARANASI','India','system', now(), now(), '1');
Insert into phk_foundation (id,name,shortname,city,state,country,preparedby,timecreated,timeupdated,active) values ('210','WEST BENGAL','WEST BENGAL','WEST BENGAL','WEST BENGAL','India','system', now(), now(), '1');

Insert into phk_foundation (id,name,shortname,city,state,country,preparedby,timecreated,timeupdated,active) values ('220','BAHRAIN','BAHRAIN','BAHRAIN','BAHRAIN','BAHRAIN','system', now(), now(), '1');
Insert into phk_foundation (id,name,shortname,city,state,country,preparedby,timecreated,timeupdated,active) values ('230','BHUTAN','BHUTAN','BHUTAN','BHUTAN','BHUTAN','system', now(), now(), '1');
Insert into phk_foundation (id,name,shortname,city,state,country,preparedby,timecreated,timeupdated,active) values ('240','EGYPT','EGYPT','EGYPT','EGYPT','EGYPT','system', now(), now(), '1');

Insert into phk_foundation (id,name,shortname,city,state,country,preparedby,timecreated,timeupdated,active) values ('250','GERMANY','GERMANY','GERMANY','GERMANY','GERMANY','system', now(), now(), '1');
Insert into phk_foundation (id,name,shortname,city,state,country,preparedby,timecreated,timeupdated,active) values ('260','INDONESIA','INDONESIA','INDONESIA','INDONESIA','INDONESIA','system', now(), now(), '1');
Insert into phk_foundation (id,name,shortname,city,state,country,preparedby,timecreated,timeupdated,active) values ('270','IRAN','IRAN','IRAN','IRAN','IRAN','system', now(), now(), '1');

Insert into phk_foundation (id,name,shortname,city,state,country,preparedby,timecreated,timeupdated,active) values ('280','ITALY','ITALY','ITALY','ITALY','ITALY','system', now(), now(), '1');
Insert into phk_foundation (id,name,shortname,city,state,country,preparedby,timecreated,timeupdated,active) values ('290','JORDAN','JORDAN','JORDAN','JORDAN','JORDAN','system', now(), now(), '1');
Insert into phk_foundation (id,name,shortname,city,state,country,preparedby,timecreated,timeupdated,active) values ('300','KENYA','KENYA','KENYA','KENYA','KENYA','system', now(), now(), '1');

Insert into phk_foundation (id,name,shortname,city,state,country,preparedby,timecreated,timeupdated,active) values ('310','KUWAIT','KUWAIT','KUWAIT','KUWAIT','KUWAIT','system', now(), now(), '1');
Insert into phk_foundation (id,name,shortname,city,state,country,preparedby,timecreated,timeupdated,active) values ('320','LEBANON','LEBANON','LEBANON','LEBANON','LEBANON','system', now(), now(), '1');
Insert into phk_foundation (id,name,shortname,city,state,country,preparedby,timecreated,timeupdated,active) values ('330','MALAYSIA','MALAYSIA','MALAYSIA','MALAYSIA','MALAYSIA','system', now(), now(), '1');

Insert into phk_foundation (id,name,shortname,city,state,country,preparedby,timecreated,timeupdated,active) values ('340','MAURITIUS','MAURITIUS','MAURITIUS','MAURITIUS','MAURITIUS','system', now(), now(), '1');
Insert into phk_foundation (id,name,shortname,city,state,country,preparedby,timecreated,timeupdated,active) values ('350','NEPAL','NEPAL','NEPAL','NEPAL','NEPAL','system', now(), now(), '1');
Insert into phk_foundation (id,name,shortname,city,state,country,preparedby,timecreated,timeupdated,active) values ('360','OMAN','OMAN','OMAN','OMAN','OMAN','system', now(), now(), '1');

Insert into phk_foundation (id,name,shortname,city,state,country,preparedby,timecreated,timeupdated,active) values ('370','PHILIPPINES','PHILIPPINES','PHILIPPINES','PHILIPPINES','PHILIPPINES','system', now(), now(), '1');
Insert into phk_foundation (id,name,shortname,city,state,country,preparedby,timecreated,timeupdated,active) values ('380','QATAR','QATAR','QATAR','QATAR','QATAR','system', now(), now(), '1');
Insert into phk_foundation (id,name,shortname,city,state,country,preparedby,timecreated,timeupdated,active) values ('390','SAUDI ARABIA','SAUDI ARABIA','SAUDI ARABIA','SAUDI ARABIA','SAUDI ARABIA','system', now(), now(), '1');

Insert into phk_foundation (id,name,shortname,city,state,country,preparedby,timecreated,timeupdated,active) values ('400','SINGAPORE','SINGAPORE','SINGAPORE','SINGAPORE','SINGAPORE','system', now(), now(), '1');
Insert into phk_foundation (id,name,shortname,city,state,country,preparedby,timecreated,timeupdated,active) values ('410','SOUTH AFRICA','SOUTH AFRICA','SOUTH AFRICA','SOUTH AFRICA','SOUTH AFRICA','system', now(), now(), '1');
Insert into phk_foundation (id,name,shortname,city,state,country,preparedby,timecreated,timeupdated,active) values ('420','SRILANKA','SRILANKA','SRILANKA','SRILANKA','SRILANKA','system', now(), now(), '1');

Insert into phk_foundation (id,name,shortname,city,state,country,preparedby,timecreated,timeupdated,active) values ('430','TANZANIA','TANZANIA','TANZANIA','TANZANIA','TANZANIA','system', now(), now(), '1');
Insert into phk_foundation (id,name,shortname,city,state,country,preparedby,timecreated,timeupdated,active) values ('440','THAILAND','THAILAND','THAILAND','THAILAND','THAILAND','system', now(), now(), '1');
Insert into phk_foundation (id,name,shortname,city,state,country,preparedby,timecreated,timeupdated,active) values ('450','THE GAMBIA','THE GAMBIA','THE GAMBIA','THE GAMBIA','THE GAMBIA','system', now(), now(), '1');

Insert into phk_foundation (id,name,shortname,city,state,country,preparedby,timecreated,timeupdated,active) values ('460','TOGO','TOGO','TOGO','TOGO','TOGO','system', now(), now(), '1');
Insert into phk_foundation (id,name,shortname,city,state,country,preparedby,timecreated,timeupdated,active) values ('470','UNITED ARAB EMIRATES','UNITED ARAB EMIRATES','UNITED ARAB EMIRATES','UNITED ARAB EMIRATES','UNITED ARAB EMIRATES','system', now(), now(), '1');
Insert into phk_foundation (id,name,shortname,city,state,country,preparedby,timecreated,timeupdated,active) values ('480','UNITED KINGDOM','UNITED KINGDOM','UNITED KINGDOM','UNITED KINGDOM','UNITED KINGDOM','system', now(), now(), '1');
Insert into phk_foundation (id,name,shortname,city,state,country,preparedby,timecreated,timeupdated,active) values ('490','EAST AFRICA','EAST AFRICA','EAST AFRICA','EAST AFRICA','EAST AFRICA','system', now(), now(), '1');
Insert into phk_foundation (id,name,shortname,city,state,country,preparedby,timecreated,timeupdated,active) values ('500','JAIPUR','JAIPUR','JAIPUR','JAIPUR','JAIPUR','system', now(), now(), '1');
Insert into phk_foundation (id,name,shortname,city,state,country,preparedby,timecreated,timeupdated,active) values ('510','Calicut - Kerala','Calicut - Kerala','Calicut - Kerala','Calicut - Kerala','Calicut - Kerala','system', now(), now(), '1');
Insert into phk_foundation (id,name,shortname,city,state,country,preparedby,timecreated,timeupdated,active) values ('520','Dubai','Dubai','Dubai','Dubai','Dubai','system', now(), now(), '1');
Insert into phk_foundation (id,name,shortname,city,state,country,preparedby,timecreated,timeupdated,active) values ('530','Mumbai South','Mumbai South','Mumbai South','Mumbai South','Mumbai South','system', now(), now(), '1');
Insert into phk_foundation (id,name,shortname,city,state,country,preparedby,timecreated,timeupdated,active) values ('540','Mumbai North','Mumbai North','Mumbai North','Mumbai North','Mumbai North','system', now(), now(), '1');
Insert into phk_foundation (id,name,shortname,city,state,country,preparedby,timecreated,timeupdated,active) values ('550','Netherlands','Netherlands','Netherlands','Netherlands','Netherlands','system', now(), now(), '1');
Insert into phk_foundation (id,name,shortname,city,state,country,preparedby,timecreated,timeupdated,active) values ('560','Secunderabad','Secunderabad','Secunderabad','Secunderabad','Secunderabad','system', now(), now(), '1');
Insert into phk_foundation (id,name,shortname,city,state,country,preparedby,timecreated,timeupdated,active) values ('570','Lucknow','Lucknow','Lucknow','Lucknow','Lucknow','system', now(), now(), '1');
Insert into phk_foundation (id,name,shortname,city,state,country,preparedby,timecreated,timeupdated,active) values ('580','Jalandar','Jalandar','Jalandar','Jalandar','Jalandar','system', now(), now(), '1');
Insert into phk_foundation (id,name,shortname,city,state,country,preparedby,timecreated,timeupdated,active) values ('590','Cochin - Kerala','Cochin - Kerala','Cochin - Kerala','Cochin - Kerala','Cochin - Kerala','system', now(), now(), '1');
Insert into phk_foundation (id,name,shortname,city,state,country,preparedby,timecreated,timeupdated,active) values ('600','Manila','Manila','Manila','Manila','Manila','system', now(), now(), '1');

INSERT INTO phk_coursetype (id,name,shortName,primaryeligibility,secondaryeligibility,version,description,preparedby,timecreated,timeupdated,active) values (100,'Basic Pranic Healing', 'Basic',null, null, 1,null,'system', now(), now(), '1');
INSERT INTO phk_coursetype (id,name,shortName,primaryeligibility,secondaryeligibility,version,description,preparedby,timecreated,timeupdated,active) values (110,'Inner Teaching of Hinduism Revealed', 'Hinduism',100, null, 1,null,'system', now(), now(), '1');
INSERT INTO phk_coursetype (id,name,shortName,primaryeligibility,secondaryeligibility,version,description,preparedby,timecreated,timeupdated,active) values (120,'Inner Teaching of Buddhism Revealed', 'Buddhism',100, null, 1,null,'system', now(), now(), '1');
INSERT INTO phk_coursetype (id,name,shortName,primaryeligibility,secondaryeligibility,version,description,preparedby,timecreated,timeupdated,active) values (130,'Inner Teaching of Christianity Revealed', 'Christianity',100, null, 1,null,'system', now(), now(), '1');
INSERT INTO phk_coursetype (id,name,shortName,primaryeligibility,secondaryeligibility,version,description,preparedby,timecreated,timeupdated,active) values (140,'Om Mani Padme Hum', 'Om Mani Padme Hum',100, null, 1,null,'system', now(), now(), '1');
INSERT INTO phk_coursetype (id,name,shortName,primaryeligibility,secondaryeligibility,version,description,preparedby,timecreated,timeupdated,active) values (150,'Spiritual Essence of Man', 'Spiritual Essence',100, null, 1,null,'system', now(), now(), '1');
INSERT INTO phk_coursetype (id,name,shortName,primaryeligibility,secondaryeligibility,version,description,preparedby,timecreated,timeupdated,active) values (160,'Lord\'s Prayer', 'Lord\'s Prayer',100, null, 1,null,'system', now(), now(), '1');
INSERT INTO phk_coursetype (id,name,shortName,primaryeligibility,secondaryeligibility,version,description,preparedby,timecreated,timeupdated,active) values (200,'Advanced Pranic Healing', 'Advanced',100, null, 1,null,'system', now(), now(), '1');
INSERT INTO phk_coursetype (id,name,shortName,primaryeligibility,secondaryeligibility,version,description,preparedby,timecreated,timeupdated,active) values (210,'Spiritual Business Management', 'SBC',200, null, 1,null,'system', now(), now(), '1');
INSERT INTO phk_coursetype (id,name,shortName,primaryeligibility,secondaryeligibility,version,description,preparedby,timecreated,timeupdated,active) values (220,'Pranic Feng Shui', 'PFS',200, null, 1,null,'system', now(), now(), '1');
INSERT INTO phk_coursetype (id,name,shortName,primaryeligibility,secondaryeligibility,version,description,preparedby,timecreated,timeupdated,active) values (300,'Pranic Psychotherapy', 'Psychotherapy',200, null, 1,null,'system', now(), now(), '1');
INSERT INTO phk_coursetype (id,name,shortName,primaryeligibility,secondaryeligibility,version,description,preparedby,timecreated,timeupdated,active) values (310,'Pranic Crystal Healing', 'Crystal Healing',300, null, 1,null,'system', now(), now(), '1');
INSERT INTO phk_coursetype (id,name,shortName,primaryeligibility,secondaryeligibility,version,description,preparedby,timecreated,timeupdated,active) values (315,'Pranic Face Lift And Body Sculpting', 'Face And Body Sculpting',310, null, 1,null,'system', now(), now(), '1');
INSERT INTO phk_coursetype (id,name,shortName,primaryeligibility,secondaryeligibility,version,description,preparedby,timecreated,timeupdated,active) values (320,'Pranic Self Defence', 'Self Defence',300, null, 1,null,'system', now(), now(), '1');
INSERT INTO phk_coursetype (id,name,shortName,primaryeligibility,secondaryeligibility,version,description,preparedby,timecreated,timeupdated,active) values (400,'Achieving Oneness With Higher Soul', 'Higher Soul',null, null, 1,null,'system', now(), now(), '1');
INSERT INTO phk_coursetype (id,name,shortName,primaryeligibility,secondaryeligibility,version,description,preparedby,timecreated,timeupdated,active) values (500,'Arhatic Yoga Preparation', 'Arhatic Prep',300, 400, 1,null,'system', now(), now(), '1');
INSERT INTO phk_coursetype (id,name,shortName,primaryeligibility,secondaryeligibility,version,description,preparedby,timecreated,timeupdated,active) values (510,'Kriyashakti', 'Kriyashakti',500, null, 1,null,'system', now(), now(), '1');
INSERT INTO phk_coursetype (id,name,shortName,primaryeligibility,secondaryeligibility,version,description,preparedby,timecreated,timeupdated,active) values (520,'Teachers Training Course', 'TTC',500, null, 1,null,'system', now(), now(), '1');
INSERT INTO phk_coursetype (id,name,shortName,primaryeligibility,secondaryeligibility,version,description,preparedby,timecreated,timeupdated,active) values (530,'Arhatic Yoga Level 1', 'AY L1',500, null, 1,null,'system', now(), now(), '1');
INSERT INTO phk_coursetype (id,name,shortName,primaryeligibility,secondaryeligibility,version,description,preparedby,timecreated,timeupdated,active) values (540,'Arhatic Yoga Level 2', 'AY L2',530, null, 1,null,'system', now(), now(), '1');
INSERT INTO phk_coursetype (id,name,shortName,primaryeligibility,secondaryeligibility,version,description,preparedby,timecreated,timeupdated,active) values (550,'Arhatic Yoga Level 3.1', 'AY L3.1',540, null, 1,null,'system', now(), now(), '1');
INSERT INTO phk_coursetype (id,name,shortName,primaryeligibility,secondaryeligibility,version,description,preparedby,timecreated,timeupdated,active) values (560,'Arhatic Yoga Level 3.2', 'AY L3.2',550, null, 1,null,'system', now(), now(), '1');
INSERT INTO phk_coursetype (id,name,shortName,primaryeligibility,secondaryeligibility,version,description,preparedby,timecreated,timeupdated,active) values (570,'Arhatic Yoga Level 4.1', 'AY L4.1',560, null, 1,null,'system', now(), now(), '1');
INSERT INTO phk_coursetype (id,name,shortName,primaryeligibility,secondaryeligibility,version,description,preparedby,timecreated,timeupdated,active) values (580,'Arhatic Yoga Level 4.2', 'AY L4.2',570, null, 1,null,'system', now(), now(), '1');
INSERT INTO phk_coursetype (id,name,shortName,primaryeligibility,secondaryeligibility,version,description,preparedby,timecreated,timeupdated,active) values (590,'Arhatic Yoga Level 5', 'AY L5',580, null, 1,null,'system', now(), now(), '1');
INSERT INTO phk_coursetype (id,name,shortName,primaryeligibility,secondaryeligibility,version,description,preparedby,timecreated,timeupdated,active) values (600,'Arhatic Yoga Level 6', 'AY L6',590, null, 1,null,'system', now(), now(), '1');

INSERT INTO phk_volunteer(id, name,   email,   password,   mobile,   activity,   permission,   preparedby,   timecreated,   timeupdated) VALUES(1, 'Admin',   'admin@yvphfk.com',   'admin',   '9999999999',   'admin',   'admin',   'system',   now(),   now());
INSERT INTO phk_volunteer(id, name,   email,   password,   mobile,   activity,   permission,   preparedby,   timecreated,   timeupdated) VALUES(2, 'Spot',   'spot@yvphfk.com',   'spot',   '9999999999',   'spot',   'admin',   'system',   now(),   now());
INSERT INTO phk_volunteer(id, name,   email,   password,   mobile,   activity,   permission,   preparedby,   timecreated,   timeupdated) VALUES(3, 'Reg',   'reg@yvphfk.com',   'reg',   '9999999999',   'reg',   'admin',   'system',   now(),   now());

Insert into phk_participant (id,name,mobile,home,email,vip,vipdesc,address,city,state,country,zipcode,preparedby,timecreated,timeupdated,active) values (1000,'Master Choa Kok Sui','9999999999','9999999999','mcks@pranichealing.com','1','Grand Master',null,null,null,null,null,'system@yvphfk.com', now(), now(), 1);

Insert into phk_trainer (id,participant,preparedby,timecreated,timeupdated,active) values (1000,1000,'system@yvphfk.com', now(), now(), 1);

Insert into phk_trainercourse (id,trainer,coursetype,foundation,apprentice,contractstartdate,contractenddate,preparedby,timecreated,timeupdated,active) values (1000,1000,100,null,0,null,null,'system@yvphfk.com', now(), now(), 1);
Insert into phk_trainercourse (id,trainer,coursetype,foundation,apprentice,contractstartdate,contractenddate,preparedby,timecreated,timeupdated,active) values (1001,1000,110,null,0,null,null,'system@yvphfk.com', now(), now(), 1);
Insert into phk_trainercourse (id,trainer,coursetype,foundation,apprentice,contractstartdate,contractenddate,preparedby,timecreated,timeupdated,active) values (1002,1000,120,null,0,null,null,'system@yvphfk.com', now(), now(), 1);
Insert into phk_trainercourse (id,trainer,coursetype,foundation,apprentice,contractstartdate,contractenddate,preparedby,timecreated,timeupdated,active) values (1003,1000,130,null,0,null,null,'system@yvphfk.com', now(), now(), 1);
Insert into phk_trainercourse (id,trainer,coursetype,foundation,apprentice,contractstartdate,contractenddate,preparedby,timecreated,timeupdated,active) values (1004,1000,140,null,0,null,null,'system@yvphfk.com', now(), now(), 1);
Insert into phk_trainercourse (id,trainer,coursetype,foundation,apprentice,contractstartdate,contractenddate,preparedby,timecreated,timeupdated,active) values (1005,1000,150,null,0,null,null,'system@yvphfk.com', now(), now(), 1);
Insert into phk_trainercourse (id,trainer,coursetype,foundation,apprentice,contractstartdate,contractenddate,preparedby,timecreated,timeupdated,active) values (1006,1000,160,null,0,null,null,'system@yvphfk.com', now(), now(), 1);
Insert into phk_trainercourse (id,trainer,coursetype,foundation,apprentice,contractstartdate,contractenddate,preparedby,timecreated,timeupdated,active) values (1007,1000,200,null,0,null,null,'system@yvphfk.com', now(), now(), 1);
Insert into phk_trainercourse (id,trainer,coursetype,foundation,apprentice,contractstartdate,contractenddate,preparedby,timecreated,timeupdated,active) values (1008,1000,210,null,0,null,null,'system@yvphfk.com', now(), now(), 1);
Insert into phk_trainercourse (id,trainer,coursetype,foundation,apprentice,contractstartdate,contractenddate,preparedby,timecreated,timeupdated,active) values (1009,1000,220,null,0,null,null,'system@yvphfk.com', now(), now(), 1);
Insert into phk_trainercourse (id,trainer,coursetype,foundation,apprentice,contractstartdate,contractenddate,preparedby,timecreated,timeupdated,active) values (1010,1000,300,null,0,null,null,'system@yvphfk.com', now(), now(), 1);
Insert into phk_trainercourse (id,trainer,coursetype,foundation,apprentice,contractstartdate,contractenddate,preparedby,timecreated,timeupdated,active) values (1011,1000,310,null,0,null,null,'system@yvphfk.com', now(), now(), 1);
Insert into phk_trainercourse (id,trainer,coursetype,foundation,apprentice,contractstartdate,contractenddate,preparedby,timecreated,timeupdated,active) values (1012,1000,315,null,0,null,null,'system@yvphfk.com', now(), now(), 1);
Insert into phk_trainercourse (id,trainer,coursetype,foundation,apprentice,contractstartdate,contractenddate,preparedby,timecreated,timeupdated,active) values (1013,1000,320,null,0,null,null,'system@yvphfk.com', now(), now(), 1);
Insert into phk_trainercourse (id,trainer,coursetype,foundation,apprentice,contractstartdate,contractenddate,preparedby,timecreated,timeupdated,active) values (1014,1000,400,null,0,null,null,'system@yvphfk.com', now(), now(), 1);
Insert into phk_trainercourse (id,trainer,coursetype,foundation,apprentice,contractstartdate,contractenddate,preparedby,timecreated,timeupdated,active) values (1015,1000,500,null,0,null,null,'system@yvphfk.com', now(), now(), 1);
Insert into phk_trainercourse (id,trainer,coursetype,foundation,apprentice,contractstartdate,contractenddate,preparedby,timecreated,timeupdated,active) values (1016,1000,510,null,0,null,null,'system@yvphfk.com', now(), now(), 1);
Insert into phk_trainercourse (id,trainer,coursetype,foundation,apprentice,contractstartdate,contractenddate,preparedby,timecreated,timeupdated,active) values (1017,1000,520,null,0,null,null,'system@yvphfk.com', now(), now(), 1);

#--- 03/29/2015 --------
Insert into phk_accesscontrol(id,volunteer,permission,preparedby,timecreated,timeupdated,active) values (1,1,'admin','admin@yvphfk.com',now(),now(),1);
Insert into phk_accesscontrol(id,volunteer,permission,preparedby,timecreated,timeupdated,active) values (2,2,'sptregtvoln','admin@yvphfk.com',now(),now(),1);
Insert into phk_accesscontrol(id,volunteer,permission,preparedby,timecreated,timeupdated,active) values (3,3,'regtvoln','admin@yvphfk.com',now(),now(),1);
